<annotation>
	<folder>collectedimages</folder>
	<filename>bathroom.9a6808d4-cc52-11ec-8504-04ea56e2f17f.jpg</filename>
	<path>D:\ANPR\Tensorflow\workspace\images\collectedimages\bathroom.9a6808d4-cc52-11ec-8504-04ea56e2f17f.jpg</path>
	<source>
		<database>Unknown</database>
	</source>
	<size>
		<width>640</width>
		<height>480</height>
		<depth>3</depth>
	</size>
	<segmented>0</segmented>
	<object>
		<name>Bathroom</name>
		<pose>Unspecified</pose>
		<truncated>0</truncated>
		<difficult>0</difficult>
		<bndbox>
			<xmin>74</xmin>
			<ymin>189</ymin>
			<xmax>300</xmax>
			<ymax>423</ymax>
		</bndbox>
	</object>
</annotation>
