<annotation>
	<folder>collectedimages</folder>
	<filename>bathroom.96cacfc5-cc52-11ec-9400-04ea56e2f17f.jpg</filename>
	<path>D:\ANPR\Tensorflow\workspace\images\collectedimages\bathroom.96cacfc5-cc52-11ec-9400-04ea56e2f17f.jpg</path>
	<source>
		<database>Unknown</database>
	</source>
	<size>
		<width>640</width>
		<height>480</height>
		<depth>3</depth>
	</size>
	<segmented>0</segmented>
	<object>
		<name>Bathroom</name>
		<pose>Unspecified</pose>
		<truncated>0</truncated>
		<difficult>0</difficult>
		<bndbox>
			<xmin>369</xmin>
			<ymin>216</ymin>
			<xmax>561</xmax>
			<ymax>425</ymax>
		</bndbox>
	</object>
</annotation>
