<annotation>
	<folder>collectedimages</folder>
	<filename>bathroom.959663c7-cc52-11ec-beaa-04ea56e2f17f.jpg</filename>
	<path>D:\ANPR\Tensorflow\workspace\images\collectedimages\bathroom.959663c7-cc52-11ec-beaa-04ea56e2f17f.jpg</path>
	<source>
		<database>Unknown</database>
	</source>
	<size>
		<width>640</width>
		<height>480</height>
		<depth>3</depth>
	</size>
	<segmented>0</segmented>
	<object>
		<name>Bathroom</name>
		<pose>Unspecified</pose>
		<truncated>0</truncated>
		<difficult>0</difficult>
		<bndbox>
			<xmin>391</xmin>
			<ymin>241</ymin>
			<xmax>609</xmax>
			<ymax>438</ymax>
		</bndbox>
	</object>
</annotation>
