<annotation>
	<folder>collectedimages</folder>
	<filename>hello.c3a7ce9c-cb82-11ec-92bc-04ea56e2f17f.jpg</filename>
	<path>D:\ANPR\Tensorflow\workspace\images\collectedimages\hello.c3a7ce9c-cb82-11ec-92bc-04ea56e2f17f.jpg</path>
	<source>
		<database>Unknown</database>
	</source>
	<size>
		<width>640</width>
		<height>480</height>
		<depth>3</depth>
	</size>
	<segmented>0</segmented>
	<object>
		<name>Hello</name>
		<pose>Unspecified</pose>
		<truncated>1</truncated>
		<difficult>0</difficult>
		<bndbox>
			<xmin>1</xmin>
			<ymin>87</ymin>
			<xmax>180</xmax>
			<ymax>332</ymax>
		</bndbox>
	</object>
</annotation>
