<annotation>
	<folder>collectedimages</folder>
	<filename>hello.c4df4f3e-cb82-11ec-b195-04ea56e2f17f.jpg</filename>
	<path>D:\ANPR\Tensorflow\workspace\images\collectedimages\hello.c4df4f3e-cb82-11ec-b195-04ea56e2f17f.jpg</path>
	<source>
		<database>Unknown</database>
	</source>
	<size>
		<width>640</width>
		<height>480</height>
		<depth>3</depth>
	</size>
	<segmented>0</segmented>
	<object>
		<name>Hello</name>
		<pose>Unspecified</pose>
		<truncated>1</truncated>
		<difficult>0</difficult>
		<bndbox>
			<xmin>1</xmin>
			<ymin>1</ymin>
			<xmax>213</xmax>
			<ymax>227</ymax>
		</bndbox>
	</object>
</annotation>
