<annotation>
	<folder>collectedimages</folder>
	<filename>help.44f273cb-cc52-11ec-8879-04ea56e2f17f.jpg</filename>
	<path>D:\ANPR\Tensorflow\workspace\images\collectedimages\help.44f273cb-cc52-11ec-8879-04ea56e2f17f.jpg</path>
	<source>
		<database>Unknown</database>
	</source>
	<size>
		<width>640</width>
		<height>480</height>
		<depth>3</depth>
	</size>
	<segmented>0</segmented>
	<object>
		<name>Help</name>
		<pose>Unspecified</pose>
		<truncated>0</truncated>
		<difficult>0</difficult>
		<bndbox>
			<xmin>264</xmin>
			<ymin>180</ymin>
			<xmax>539</xmax>
			<ymax>453</ymax>
		</bndbox>
	</object>
</annotation>
