<annotation>
	<folder>collectedimages</folder>
	<filename>help.3dba581c-cc52-11ec-acf4-04ea56e2f17f.jpg</filename>
	<path>D:\ANPR\Tensorflow\workspace\images\collectedimages\help.3dba581c-cc52-11ec-acf4-04ea56e2f17f.jpg</path>
	<source>
		<database>Unknown</database>
	</source>
	<size>
		<width>640</width>
		<height>480</height>
		<depth>3</depth>
	</size>
	<segmented>0</segmented>
	<object>
		<name>Help</name>
		<pose>Unspecified</pose>
		<truncated>1</truncated>
		<difficult>0</difficult>
		<bndbox>
			<xmin>39</xmin>
			<ymin>124</ymin>
			<xmax>499</xmax>
			<ymax>480</ymax>
		</bndbox>
	</object>
</annotation>
