<annotation>
	<folder>collectedimages</folder>
	<filename>help.3c846a03-cc52-11ec-b384-04ea56e2f17f.jpg</filename>
	<path>D:\ANPR\Tensorflow\workspace\images\collectedimages\help.3c846a03-cc52-11ec-b384-04ea56e2f17f.jpg</path>
	<source>
		<database>Unknown</database>
	</source>
	<size>
		<width>640</width>
		<height>480</height>
		<depth>3</depth>
	</size>
	<segmented>0</segmented>
	<object>
		<name>Help</name>
		<pose>Unspecified</pose>
		<truncated>1</truncated>
		<difficult>0</difficult>
		<bndbox>
			<xmin>49</xmin>
			<ymin>82</ymin>
			<xmax>517</xmax>
			<ymax>480</ymax>
		</bndbox>
	</object>
</annotation>
