<annotation>
	<folder>collectedimages</folder>
	<filename>help.4155a02a-cc52-11ec-9254-04ea56e2f17f.jpg</filename>
	<path>D:\ANPR\Tensorflow\workspace\images\collectedimages\help.4155a02a-cc52-11ec-9254-04ea56e2f17f.jpg</path>
	<source>
		<database>Unknown</database>
	</source>
	<size>
		<width>640</width>
		<height>480</height>
		<depth>3</depth>
	</size>
	<segmented>0</segmented>
	<object>
		<name>Help</name>
		<pose>Unspecified</pose>
		<truncated>0</truncated>
		<difficult>0</difficult>
		<bndbox>
			<xmin>27</xmin>
			<ymin>189</ymin>
			<xmax>454</xmax>
			<ymax>479</ymax>
		</bndbox>
	</object>
</annotation>
