<annotation>
	<folder>collectedimages</folder>
	<filename>iloveyou.279a851e-cb83-11ec-9383-04ea56e2f17f.jpg</filename>
	<path>D:\ANPR\Tensorflow\workspace\images\collectedimages\iloveyou.279a851e-cb83-11ec-9383-04ea56e2f17f.jpg</path>
	<source>
		<database>Unknown</database>
	</source>
	<size>
		<width>640</width>
		<height>480</height>
		<depth>3</depth>
	</size>
	<segmented>0</segmented>
	<object>
		<name>I Love You</name>
		<pose>Unspecified</pose>
		<truncated>0</truncated>
		<difficult>0</difficult>
		<bndbox>
			<xmin>36</xmin>
			<ymin>250</ymin>
			<xmax>227</xmax>
			<ymax>471</ymax>
		</bndbox>
	</object>
</annotation>
