<annotation>
	<folder>collectedimages</folder>
	<filename>iloveyou.3019ae52-cb83-11ec-9d6f-04ea56e2f17f.jpg</filename>
	<path>D:\ANPR\Tensorflow\workspace\images\collectedimages\iloveyou.3019ae52-cb83-11ec-9d6f-04ea56e2f17f.jpg</path>
	<source>
		<database>Unknown</database>
	</source>
	<size>
		<width>640</width>
		<height>480</height>
		<depth>3</depth>
	</size>
	<segmented>0</segmented>
	<object>
		<name>I Love You</name>
		<pose>Unspecified</pose>
		<truncated>1</truncated>
		<difficult>0</difficult>
		<bndbox>
			<xmin>102</xmin>
			<ymin>265</ymin>
			<xmax>290</xmax>
			<ymax>480</ymax>
		</bndbox>
	</object>
</annotation>
