<annotation>
	<folder>collectedimages</folder>
	<filename>iloveyou.362ed0e4-cb83-11ec-95c5-04ea56e2f17f.jpg</filename>
	<path>D:\ANPR\Tensorflow\workspace\images\collectedimages\iloveyou.362ed0e4-cb83-11ec-95c5-04ea56e2f17f.jpg</path>
	<source>
		<database>Unknown</database>
	</source>
	<size>
		<width>640</width>
		<height>480</height>
		<depth>3</depth>
	</size>
	<segmented>0</segmented>
	<object>
		<name>I Love You</name>
		<pose>Unspecified</pose>
		<truncated>0</truncated>
		<difficult>0</difficult>
		<bndbox>
			<xmin>339</xmin>
			<ymin>75</ymin>
			<xmax>535</xmax>
			<ymax>299</ymax>
		</bndbox>
	</object>
</annotation>
