<annotation>
	<folder>collectedimages</folder>
	<filename>more.85a2332a-cc52-11ec-8790-04ea56e2f17f.jpg</filename>
	<path>D:\ANPR\Tensorflow\workspace\images\collectedimages\more.85a2332a-cc52-11ec-8790-04ea56e2f17f.jpg</path>
	<source>
		<database>Unknown</database>
	</source>
	<size>
		<width>640</width>
		<height>480</height>
		<depth>3</depth>
	</size>
	<segmented>0</segmented>
	<object>
		<name>More</name>
		<pose>Unspecified</pose>
		<truncated>0</truncated>
		<difficult>0</difficult>
		<bndbox>
			<xmin>54</xmin>
			<ymin>178</ymin>
			<xmax>354</xmax>
			<ymax>352</ymax>
		</bndbox>
	</object>
</annotation>
