<annotation>
	<folder>collectedimages</folder>
	<filename>more.80d1391d-cc52-11ec-90ba-04ea56e2f17f.jpg</filename>
	<path>D:\ANPR\Tensorflow\workspace\images\collectedimages\more.80d1391d-cc52-11ec-90ba-04ea56e2f17f.jpg</path>
	<source>
		<database>Unknown</database>
	</source>
	<size>
		<width>640</width>
		<height>480</height>
		<depth>3</depth>
	</size>
	<segmented>0</segmented>
	<object>
		<name>More</name>
		<pose>Unspecified</pose>
		<truncated>0</truncated>
		<difficult>0</difficult>
		<bndbox>
			<xmin>299</xmin>
			<ymin>250</ymin>
			<xmax>618</xmax>
			<ymax>423</ymax>
		</bndbox>
	</object>
</annotation>
