<annotation>
	<folder>collectedimages</folder>
	<filename>more.8f42c2b5-cc52-11ec-a7e9-04ea56e2f17f.jpg</filename>
	<path>D:\ANPR\Tensorflow\workspace\images\collectedimages\more.8f42c2b5-cc52-11ec-a7e9-04ea56e2f17f.jpg</path>
	<source>
		<database>Unknown</database>
	</source>
	<size>
		<width>640</width>
		<height>480</height>
		<depth>3</depth>
	</size>
	<segmented>0</segmented>
	<object>
		<name>More</name>
		<pose>Unspecified</pose>
		<truncated>1</truncated>
		<difficult>0</difficult>
		<bndbox>
			<xmin>285</xmin>
			<ymin>358</ymin>
			<xmax>573</xmax>
			<ymax>480</ymax>
		</bndbox>
	</object>
</annotation>
