<annotation>
	<folder>collectedimages</folder>
	<filename>more.8cd9c443-cc52-11ec-bbdd-04ea56e2f17f.jpg</filename>
	<path>D:\ANPR\Tensorflow\workspace\images\collectedimages\more.8cd9c443-cc52-11ec-bbdd-04ea56e2f17f.jpg</path>
	<source>
		<database>Unknown</database>
	</source>
	<size>
		<width>640</width>
		<height>480</height>
		<depth>3</depth>
	</size>
	<segmented>0</segmented>
	<object>
		<name>More</name>
		<pose>Unspecified</pose>
		<truncated>0</truncated>
		<difficult>0</difficult>
		<bndbox>
			<xmin>244</xmin>
			<ymin>299</ymin>
			<xmax>545</xmax>
			<ymax>447</ymax>
		</bndbox>
	</object>
</annotation>
