<annotation>
	<folder>collectedimages</folder>
	<filename>more.833b26f2-cc52-11ec-834f-04ea56e2f17f.jpg</filename>
	<path>D:\ANPR\Tensorflow\workspace\images\collectedimages\more.833b26f2-cc52-11ec-834f-04ea56e2f17f.jpg</path>
	<source>
		<database>Unknown</database>
	</source>
	<size>
		<width>640</width>
		<height>480</height>
		<depth>3</depth>
	</size>
	<segmented>0</segmented>
	<object>
		<name>More</name>
		<pose>Unspecified</pose>
		<truncated>0</truncated>
		<difficult>0</difficult>
		<bndbox>
			<xmin>209</xmin>
			<ymin>90</ymin>
			<xmax>521</xmax>
			<ymax>245</ymax>
		</bndbox>
	</object>
</annotation>
