<annotation>
	<folder>collectedimages</folder>
	<filename>more.7e68f4e5-cc52-11ec-9a8f-04ea56e2f17f.jpg</filename>
	<path>D:\ANPR\Tensorflow\workspace\images\collectedimages\more.7e68f4e5-cc52-11ec-9a8f-04ea56e2f17f.jpg</path>
	<source>
		<database>Unknown</database>
	</source>
	<size>
		<width>640</width>
		<height>480</height>
		<depth>3</depth>
	</size>
	<segmented>0</segmented>
	<object>
		<name>More</name>
		<pose>Unspecified</pose>
		<truncated>0</truncated>
		<difficult>0</difficult>
		<bndbox>
			<xmin>169</xmin>
			<ymin>285</ymin>
			<xmax>507</xmax>
			<ymax>458</ymax>
		</bndbox>
	</object>
</annotation>
