<annotation>
	<folder>collectedimages</folder>
	<filename>no.0cf327b1-cb83-11ec-83f3-04ea56e2f17f.jpg</filename>
	<path>D:\ANPR\Tensorflow\workspace\images\collectedimages\no.0cf327b1-cb83-11ec-83f3-04ea56e2f17f.jpg</path>
	<source>
		<database>Unknown</database>
	</source>
	<size>
		<width>640</width>
		<height>480</height>
		<depth>3</depth>
	</size>
	<segmented>0</segmented>
	<object>
		<name>No</name>
		<pose>Unspecified</pose>
		<truncated>0</truncated>
		<difficult>0</difficult>
		<bndbox>
			<xmin>300</xmin>
			<ymin>300</ymin>
			<xmax>516</xmax>
			<ymax>454</ymax>
		</bndbox>
	</object>
</annotation>
