<annotation>
	<folder>collectedimages</folder>
	<filename>no.0e2aa3a7-cb83-11ec-8048-04ea56e2f17f.jpg</filename>
	<path>D:\ANPR\Tensorflow\workspace\images\collectedimages\no.0e2aa3a7-cb83-11ec-8048-04ea56e2f17f.jpg</path>
	<source>
		<database>Unknown</database>
	</source>
	<size>
		<width>640</width>
		<height>480</height>
		<depth>3</depth>
	</size>
	<segmented>0</segmented>
	<object>
		<name>No</name>
		<pose>Unspecified</pose>
		<truncated>0</truncated>
		<difficult>0</difficult>
		<bndbox>
			<xmin>312</xmin>
			<ymin>233</ymin>
			<xmax>528</xmax>
			<ymax>395</ymax>
		</bndbox>
	</object>
</annotation>
