<annotation>
	<folder>collectedimages</folder>
	<filename>no.0bb72475-cb83-11ec-a7ab-04ea56e2f17f.jpg</filename>
	<path>D:\ANPR\Tensorflow\workspace\images\collectedimages\no.0bb72475-cb83-11ec-a7ab-04ea56e2f17f.jpg</path>
	<source>
		<database>Unknown</database>
	</source>
	<size>
		<width>640</width>
		<height>480</height>
		<depth>3</depth>
	</size>
	<segmented>0</segmented>
	<object>
		<name>No</name>
		<pose>Unspecified</pose>
		<truncated>0</truncated>
		<difficult>0</difficult>
		<bndbox>
			<xmin>302</xmin>
			<ymin>282</ymin>
			<xmax>515</xmax>
			<ymax>440</ymax>
		</bndbox>
	</object>
</annotation>
