<annotation>
	<folder>collectedimages</folder>
	<filename>no.16a778f7-cb83-11ec-ba71-04ea56e2f17f.jpg</filename>
	<path>D:\ANPR\Tensorflow\workspace\images\collectedimages\no.16a778f7-cb83-11ec-ba71-04ea56e2f17f.jpg</path>
	<source>
		<database>Unknown</database>
	</source>
	<size>
		<width>640</width>
		<height>480</height>
		<depth>3</depth>
	</size>
	<segmented>0</segmented>
	<object>
		<name>No</name>
		<pose>Unspecified</pose>
		<truncated>0</truncated>
		<difficult>0</difficult>
		<bndbox>
			<xmin>25</xmin>
			<ymin>201</ymin>
			<xmax>230</xmax>
			<ymax>382</ymax>
		</bndbox>
	</object>
</annotation>
