<annotation>
	<folder>collectedimages</folder>
	<filename>no.1a4be461-cb83-11ec-b76a-04ea56e2f17f.jpg</filename>
	<path>D:\ANPR\Tensorflow\workspace\images\collectedimages\no.1a4be461-cb83-11ec-b76a-04ea56e2f17f.jpg</path>
	<source>
		<database>Unknown</database>
	</source>
	<size>
		<width>640</width>
		<height>480</height>
		<depth>3</depth>
	</size>
	<segmented>0</segmented>
	<object>
		<name>No</name>
		<pose>Unspecified</pose>
		<truncated>0</truncated>
		<difficult>0</difficult>
		<bndbox>
			<xmin>39</xmin>
			<ymin>171</ymin>
			<xmax>230</xmax>
			<ymax>349</ymax>
		</bndbox>
	</object>
</annotation>
