<annotation>
	<folder>collectedimages</folder>
	<filename>repeat.3dd5c381-cc53-11ec-84c5-04ea56e2f17f.jpg</filename>
	<path>D:\ANPR\Tensorflow\workspace\images\collectedimages\repeat.3dd5c381-cc53-11ec-84c5-04ea56e2f17f.jpg</path>
	<source>
		<database>Unknown</database>
	</source>
	<size>
		<width>640</width>
		<height>480</height>
		<depth>3</depth>
	</size>
	<segmented>0</segmented>
	<object>
		<name>Repeat</name>
		<pose>Unspecified</pose>
		<truncated>0</truncated>
		<difficult>0</difficult>
		<bndbox>
			<xmin>173</xmin>
			<ymin>199</ymin>
			<xmax>567</xmax>
			<ymax>395</ymax>
		</bndbox>
	</object>
</annotation>
