<annotation>
	<folder>collectedimages</folder>
	<filename>repeat.37cf0a3e-cc53-11ec-b6e0-04ea56e2f17f.jpg</filename>
	<path>D:\ANPR\Tensorflow\workspace\images\collectedimages\repeat.37cf0a3e-cc53-11ec-b6e0-04ea56e2f17f.jpg</path>
	<source>
		<database>Unknown</database>
	</source>
	<size>
		<width>640</width>
		<height>480</height>
		<depth>3</depth>
	</size>
	<segmented>0</segmented>
	<object>
		<name>Repeat</name>
		<pose>Unspecified</pose>
		<truncated>0</truncated>
		<difficult>0</difficult>
		<bndbox>
			<xmin>99</xmin>
			<ymin>230</ymin>
			<xmax>511</xmax>
			<ymax>468</ymax>
		</bndbox>
	</object>
</annotation>
