<annotation>
	<folder>collectedimages</folder>
	<filename>repeat.3a38961c-cc53-11ec-a4e2-04ea56e2f17f.jpg</filename>
	<path>D:\ANPR\Tensorflow\workspace\images\collectedimages\repeat.3a38961c-cc53-11ec-a4e2-04ea56e2f17f.jpg</path>
	<source>
		<database>Unknown</database>
	</source>
	<size>
		<width>640</width>
		<height>480</height>
		<depth>3</depth>
	</size>
	<segmented>0</segmented>
	<object>
		<name>Repeat</name>
		<pose>Unspecified</pose>
		<truncated>1</truncated>
		<difficult>0</difficult>
		<bndbox>
			<xmin>1</xmin>
			<ymin>167</ymin>
			<xmax>408</xmax>
			<ymax>436</ymax>
		</bndbox>
	</object>
</annotation>
