<annotation>
	<folder>collectedimages</folder>
	<filename>repeat.3f09fcd6-cc53-11ec-9513-04ea56e2f17f.jpg</filename>
	<path>D:\ANPR\Tensorflow\workspace\images\collectedimages\repeat.3f09fcd6-cc53-11ec-9513-04ea56e2f17f.jpg</path>
	<source>
		<database>Unknown</database>
	</source>
	<size>
		<width>640</width>
		<height>480</height>
		<depth>3</depth>
	</size>
	<segmented>0</segmented>
	<object>
		<name>Repeat</name>
		<pose>Unspecified</pose>
		<truncated>0</truncated>
		<difficult>0</difficult>
		<bndbox>
			<xmin>5</xmin>
			<ymin>218</ymin>
			<xmax>412</xmax>
			<ymax>408</ymax>
		</bndbox>
	</object>
</annotation>
