<annotation>
	<folder>collectedimages</folder>
	<filename>repeat.43d9f419-cc53-11ec-9e2b-04ea56e2f17f.jpg</filename>
	<path>D:\ANPR\Tensorflow\workspace\images\collectedimages\repeat.43d9f419-cc53-11ec-9e2b-04ea56e2f17f.jpg</path>
	<source>
		<database>Unknown</database>
	</source>
	<size>
		<width>640</width>
		<height>480</height>
		<depth>3</depth>
	</size>
	<segmented>0</segmented>
	<object>
		<name>Repeat</name>
		<pose>Unspecified</pose>
		<truncated>0</truncated>
		<difficult>0</difficult>
		<bndbox>
			<xmin>107</xmin>
			<ymin>249</ymin>
			<xmax>544</xmax>
			<ymax>462</ymax>
		</bndbox>
	</object>
</annotation>
