<annotation>
	<folder>collectedimages</folder>
	<filename>repeat.42a439f1-cc53-11ec-84ff-04ea56e2f17f.jpg</filename>
	<path>D:\ANPR\Tensorflow\workspace\images\collectedimages\repeat.42a439f1-cc53-11ec-84ff-04ea56e2f17f.jpg</path>
	<source>
		<database>Unknown</database>
	</source>
	<size>
		<width>640</width>
		<height>480</height>
		<depth>3</depth>
	</size>
	<segmented>0</segmented>
	<object>
		<name>Repeat</name>
		<pose>Unspecified</pose>
		<truncated>0</truncated>
		<difficult>0</difficult>
		<bndbox>
			<xmin>5</xmin>
			<ymin>294</ymin>
			<xmax>435</xmax>
			<ymax>478</ymax>
		</bndbox>
	</object>
</annotation>
