<annotation>
	<folder>collectedimages</folder>
	<filename>thanks.d87f2a46-cb82-11ec-a425-04ea56e2f17f.jpg</filename>
	<path>D:\ANPR\Tensorflow\workspace\images\collectedimages\thanks.d87f2a46-cb82-11ec-a425-04ea56e2f17f.jpg</path>
	<source>
		<database>Unknown</database>
	</source>
	<size>
		<width>640</width>
		<height>480</height>
		<depth>3</depth>
	</size>
	<segmented>0</segmented>
	<object>
		<name>Thanks</name>
		<pose>Unspecified</pose>
		<truncated>1</truncated>
		<difficult>0</difficult>
		<bndbox>
			<xmin>120</xmin>
			<ymin>295</ymin>
			<xmax>489</xmax>
			<ymax>480</ymax>
		</bndbox>
	</object>
</annotation>
