<annotation>
	<folder>collectedimages</folder>
	<filename>thanks.d9b71181-cb82-11ec-9c26-04ea56e2f17f.jpg</filename>
	<path>D:\ANPR\Tensorflow\workspace\images\collectedimages\thanks.d9b71181-cb82-11ec-9c26-04ea56e2f17f.jpg</path>
	<source>
		<database>Unknown</database>
	</source>
	<size>
		<width>640</width>
		<height>480</height>
		<depth>3</depth>
	</size>
	<segmented>0</segmented>
	<object>
		<name>Thanks</name>
		<pose>Unspecified</pose>
		<truncated>1</truncated>
		<difficult>0</difficult>
		<bndbox>
			<xmin>132</xmin>
			<ymin>281</ymin>
			<xmax>505</xmax>
			<ymax>480</ymax>
		</bndbox>
	</object>
</annotation>
