<annotation>
	<folder>collectedimages</folder>
	<filename>thanks.de92be7f-cb82-11ec-b453-04ea56e2f17f.jpg</filename>
	<path>D:\ANPR\Tensorflow\workspace\images\collectedimages\thanks.de92be7f-cb82-11ec-b453-04ea56e2f17f.jpg</path>
	<source>
		<database>Unknown</database>
	</source>
	<size>
		<width>640</width>
		<height>480</height>
		<depth>3</depth>
	</size>
	<segmented>0</segmented>
	<object>
		<name>Thanks</name>
		<pose>Unspecified</pose>
		<truncated>1</truncated>
		<difficult>0</difficult>
		<bndbox>
			<xmin>118</xmin>
			<ymin>288</ymin>
			<xmax>500</xmax>
			<ymax>480</ymax>
		</bndbox>
	</object>
</annotation>
