<annotation>
	<folder>collectedimages</folder>
	<filename>yes.01e89e18-cb83-11ec-8b48-04ea56e2f17f.jpg</filename>
	<path>D:\ANPR\Tensorflow\workspace\images\collectedimages\yes.01e89e18-cb83-11ec-8b48-04ea56e2f17f.jpg</path>
	<source>
		<database>Unknown</database>
	</source>
	<size>
		<width>640</width>
		<height>480</height>
		<depth>3</depth>
	</size>
	<segmented>0</segmented>
	<object>
		<name>Yes</name>
		<pose>Unspecified</pose>
		<truncated>0</truncated>
		<difficult>0</difficult>
		<bndbox>
			<xmin>42</xmin>
			<ymin>125</ymin>
			<xmax>204</xmax>
			<ymax>264</ymax>
		</bndbox>
	</object>
</annotation>
