<annotation>
	<folder>collectedimages</folder>
	<filename>yes.00b312b4-cb83-11ec-85b3-04ea56e2f17f.jpg</filename>
	<path>D:\ANPR\Tensorflow\workspace\images\collectedimages\yes.00b312b4-cb83-11ec-85b3-04ea56e2f17f.jpg</path>
	<source>
		<database>Unknown</database>
	</source>
	<size>
		<width>640</width>
		<height>480</height>
		<depth>3</depth>
	</size>
	<segmented>0</segmented>
	<object>
		<name>Yes</name>
		<pose>Unspecified</pose>
		<truncated>1</truncated>
		<difficult>0</difficult>
		<bndbox>
			<xmin>1</xmin>
			<ymin>153</ymin>
			<xmax>136</xmax>
			<ymax>297</ymax>
		</bndbox>
	</object>
</annotation>
