<annotation>
	<folder>collectedimages</folder>
	<filename>yes.f6f9af50-cb82-11ec-859d-04ea56e2f17f.jpg</filename>
	<path>D:\ANPR\Tensorflow\workspace\images\collectedimages\yes.f6f9af50-cb82-11ec-859d-04ea56e2f17f.jpg</path>
	<source>
		<database>Unknown</database>
	</source>
	<size>
		<width>640</width>
		<height>480</height>
		<depth>3</depth>
	</size>
	<segmented>0</segmented>
	<object>
		<name>Yes</name>
		<pose>Unspecified</pose>
		<truncated>0</truncated>
		<difficult>0</difficult>
		<bndbox>
			<xmin>373</xmin>
			<ymin>145</ymin>
			<xmax>546</xmax>
			<ymax>300</ymax>
		</bndbox>
	</object>
</annotation>
