<annotation>
	<folder>collectedimages</folder>
	<filename>yes.f831859a-cb82-11ec-99f0-04ea56e2f17f.jpg</filename>
	<path>D:\ANPR\Tensorflow\workspace\images\collectedimages\yes.f831859a-cb82-11ec-99f0-04ea56e2f17f.jpg</path>
	<source>
		<database>Unknown</database>
	</source>
	<size>
		<width>640</width>
		<height>480</height>
		<depth>3</depth>
	</size>
	<segmented>0</segmented>
	<object>
		<name>Yes</name>
		<pose>Unspecified</pose>
		<truncated>0</truncated>
		<difficult>0</difficult>
		<bndbox>
			<xmin>276</xmin>
			<ymin>135</ymin>
			<xmax>461</xmax>
			<ymax>281</ymax>
		</bndbox>
	</object>
</annotation>
