<annotation>
	<folder>collectedimages</folder>
	<filename>yes.f21c2c8c-cb82-11ec-9165-04ea56e2f17f.jpg</filename>
	<path>D:\ANPR\Tensorflow\workspace\images\collectedimages\yes.f21c2c8c-cb82-11ec-9165-04ea56e2f17f.jpg</path>
	<source>
		<database>Unknown</database>
	</source>
	<size>
		<width>640</width>
		<height>480</height>
		<depth>3</depth>
	</size>
	<segmented>0</segmented>
	<object>
		<name>Yes</name>
		<pose>Unspecified</pose>
		<truncated>1</truncated>
		<difficult>0</difficult>
		<bndbox>
			<xmin>316</xmin>
			<ymin>406</ymin>
			<xmax>503</xmax>
			<ymax>480</ymax>
		</bndbox>
	</object>
</annotation>
